시·도,시·군·구,읍·면·동,구간거리 (km),40FT 컨테이너,20FT 컨테이너
서울특별시,용산구,용산2가동,400,"1,094,800","958,100"
서울특별시,노원구,하계1동,394,"1,084,400","949,700"
서울특별시,강서구,염창동,410,"1,112,500","971,900"
서울특별시,강서구,공항동,413,"1,117,700","975,900"
서울특별시,강서구,방화2동,414,"1,119,500","977,300"
서울특별시,구로구,구로1동,405,"1,103,600","965,000"
서울특별시,구로구,고척1동,405,"1,103,600","965,000"
서울특별시,구로구,수궁동,409,"1,110,700","970,400"
서울특별시,구로구,개봉1동,408,"1,108,900","969,100"
서울특별시,구로구,오류2동,407,"1,107,100","967,800"
서울특별시,금천구,가산동,403,"1,100,100","962,200"
서울특별시,금천구,독산1동,401,"1,096,600","959,400"
서울특별시,강남구,삼성1동,390,"1,077,400","944,100"
서울특별시,강남구,개포1동,382,"1,063,200","933,000"
서울특별시,송파구,송파1동,384,"1,066,800","935,800"
서울특별시,송파구,가락본동,383,"1,065,000","934,500"
부산광역시,서구,남부민1동,28,"222,300","198,900"
부산광역시,서구,암남동,26,"215,800","193,400"
부산광역시,동구,초량1동,31,"233,300","206,800"
부산광역시,동구,좌천동,33,"240,600","212,300"
부산광역시,영도구,남항동,29,"226,000","201,500"
부산광역시,영도구,청학1동,31,"233,300","206,800"
부산광역시,동래구,안락1동,40,"265,700","230,900"
부산광역시,남구,용당동,36,"251,400","220,300"
부산광역시,남구,감만1동,36,"251,400","220,300"
부산광역시,남구,우암동,35,"247,900","217,600"
부산광역시,해운대구,재송1동,42,"272,800","237,000"
부산광역시,해운대구,반여1동,42,"272,800","237,000"
부산광역시,해운대구,반송1동,46,"287,100","249,200"
부산광역시,해운대구,우1동,45,"283,300","246,200"
부산광역시,사하구,신평1동,22,"200,100","178,600"
부산광역시,사하구,장림1동,21,"196,400","174,800"
부산광역시,사하구,다대1동,24,"208,400","186,800"
부산광역시,사하구,구평동,23,"203,800","182,700"
부산광역시,사하구,감천1동,25,"212,700","190,700"
부산광역시,금정구,금사회동동,43,"276,400","240,100"
부산광역시,강서구,대저2동,27,"218,900","196,100"
부산광역시,강서구,강동동,26,"215,800","193,400"
부산광역시,강서구,가락동,20,"192,600","170,700"
부산광역시,강서구,녹산동,15,"173,700","150,700"
부산광역시,강서구,가덕도동,13,"165,900","144,100"
부산광역시,강서구,명지1동,19,"188,800","166,700"
부산광역시,사상구,주례1동,29,"226,000","201,500"
부산광역시,사상구,학장동,28,"222,300","198,900"
부산광역시,사상구,엄궁동,25,"212,700","190,700"
부산광역시,사상구,감전동,28,"222,300","198,900"
부산광역시,기장군,기장읍,55,"316,100","280,100"
부산광역시,기장군,장안읍,63,"338,700","299,700"
부산광역시,기장군,정관읍,57,"321,700","285,100"
부산광역시,기장군,일광면,56,"318,900","282,600"
부산광역시,기장군,철마면,51,"304,500","270,000"
대구광역시,중구,성내1동,113,"471,800","414,700"
대구광역시,중구,성내3동,115,"476,900","419,100"
대구광역시,서구,비산1동,125,"501,900","440,600"
대구광역시,서구,평리1동,126,"504,500","442,700"
대구광역시,서구,상중이동,127,"507,100","444,900"
대구광역시,북구,침산1동,126,"504,500","442,700"
대구광역시,북구,검단동,116,"479,400","421,300"
대구광역시,북구,노원동,126,"504,500","442,700"
대구광역시,수성구,만촌1동,109,"461,500","406,000"
대구광역시,달서구,장기동,128,"509,400","446,900"
대구광역시,달서구,이곡1동,129,"511,800","449,100"
대구광역시,달서구,신당동,132,"519,300","455,400"
대구광역시,달서구,월성1동,127,"507,100","444,900"
대구광역시,달성군,논공읍,121,"492,000","432,000"
대구광역시,달성군,다사읍,135,"526,700","461,600"
대구광역시,달성군,유가읍,109,"461,500","406,000"
대구광역시,달성군,현풍읍,109,"461,500","406,000"
대구광역시,달성군,구지면,108,"458,800","403,900"
인천광역시,중구,신포동,420,"1,129,900","985,600"
인천광역시,중구,신흥동,419,"1,128,200","984,300"
인천광역시,중구,동인천동,421,"1,131,700","986,900"
인천광역시,중구,북성동,422,"1,133,400","988,400"
인천광역시,중구,운서동,432,"1,150,800","1,001,900"
인천광역시,중구,영종동,433,"1,152,500","1,003,300"
인천광역시,남동구,만수1동,409,"1,110,700","970,400"
인천광역시,남동구,남촌도림동,411,"1,114,200","973,100"
인천광역시,남동구,논현1동,410,"1,112,500","971,900"
인천광역시,남동구,논현고잔동,409,"1,110,700","970,400"
인천광역시,남동구,장수서창동,410,"1,112,500","971,900"
인천광역시,부평구,부평1동,415,"1,121,300","978,800"
인천광역시,부평구,산곡2동,417,"1,124,700","981,600"
인천광역시,계양구,효성1동,420,"1,129,900","985,600"
인천광역시,계양구,작전서운동,419,"1,128,200","984,300"
인천광역시,계양구,계양2동,419,"1,128,200","984,300"
인천광역시,계양구,계양1동,423,"1,135,300","989,700"
인천광역시,계양구,계양3동,421,"1,131,700","986,900"
인천광역시,서구,검암경서동,425,"1,138,700","992,400"
인천광역시,서구,연희동,424,"1,137,000","991,100"
인천광역시,서구,석남1동,424,"1,137,000","991,100"
인천광역시,서구,가좌1동,426,"1,140,400","993,800"
인천광역시,서구,신현원창동,424,"1,137,000","991,100"
인천광역시,서구,청라1동,426,"1,140,400","993,800"
인천광역시,서구,불로대곡동,431,"1,149,100","1,000,600"
인천광역시,서구,오류왕길동,436,"1,157,800","1,007,200"
인천광역시,남구,학익1동,414,"1,119,500","977,300"
인천광역시,남구,도화1동,416,"1,123,000","980,000"
인천광역시,남구,주안1동,417,"1,124,700","981,600"
광주광역시,서구,치평동,259,"811,400","708,800"
광주광역시,북구,일곡동,251,"793,900","694,700"
광주광역시,북구,양산동,254,"800,600","700,100"
광주광역시,북구,건국동,253,"798,400","698,100"
광주광역시,북구,신용동,254,"800,600","700,100"
광주광역시,광산구,어룡동,265,"824,300","719,600"
광주광역시,광산구,비아동,258,"809,200","707,100"
광주광역시,광산구,하남동,261,"815,600","712,500"
광주광역시,광산구,임곡동,264,"822,300","717,700"
광주광역시,광산구,평동,269,"833,200","726,700"
광주광역시,광산구,삼도동,272,"841,700","752,400"
광주광역시,광산구,수완동,258,"809,200","707,100"
대전광역시,유성구,신성동,266,"826,600","721,300"
대전광역시,유성구,구즉동,270,"835,300","728,500"
대전광역시,유성구,관평동,268,"830,900","724,900"
대전광역시,대덕구,대화동,257,"807,000","705,400"
대전광역시,대덕구,회덕동,258,"809,200","707,100"
대전광역시,대덕구,덕암동,267,"828,900","723,100"
대전광역시,대덕구,목상동,269,"833,200","726,700"
울산광역시,중구,중앙동,92,"417,400","368,000"
울산광역시,남구,옥동,85,"398,800","352,000"
울산광역시,남구,야음장생포동,90,"412,100","363,400"
울산광역시,남구,선암동,89,"409,300","361,200"
울산광역시,북구,농소1동,100,"438,200","386,000"
울산광역시,북구,농소2동,101,"440,900","388,400"
울산광역시,북구,효문동,96,"427,900","377,100"
울산광역시,울주군,온산읍,81,"388,100","342,800"
울산광역시,울주군,언양읍,72,"363,600","321,600"
울산광역시,울주군,온양읍,75,"371,800","328,700"
울산광역시,울주군,청량읍,85,"398,800","352,000"
울산광역시,울주군,웅촌면,71,"360,900","319,300"
울산광역시,울주군,두동면,86,"401,500","354,300"
울산광역시,울주군,두서면,81,"388,100","342,800"
울산광역시,울주군,상북면,77,"377,300","333,400"
울산광역시,울주군,삼남면,69,"355,300","314,400"
울산광역시,울주군,삼동면,71,"360,900","319,300"
경기도,수원시 장안구,파장동,381,"1,061,400","931,700"
경기도,수원시 권선구,평동,374,"1,049,000","921,800"
경기도,수원시 영통구,매탄1동,375,"1,050,800","923,300"
경기도,성남시 분당구,야탑1동,372,"1,045,500","919,000"
경기도,안양시 만안구,박달1동,390,"1,077,400","944,100"
경기도,안양시 동안구,관양1동,388,"1,073,800","941,300"
경기도,부천시,오정동,420,"1,129,900","985,600"
경기도,평택시,팽성읍,346,"998,000","881,100"
경기도,평택시,포승읍,371,"1,043,700","917,500"
경기도,평택시,청북읍,364,"1,031,300","907,600"
경기도,평택시,진위면,352,"1,009,800","890,600"
경기도,평택시,서탄면,362,"1,027,600","904,800"
경기도,평택시,고덕면,358,"1,020,500","899,200"
경기도,평택시,오성면,362,"1,027,600","904,800"
경기도,평택시,중앙동,350,"1,006,200","887,700"
경기도,평택시,송탄동,346,"998,000","881,100"
경기도,평택시,지산동,352,"1,009,800","890,600"
경기도,평택시,신평동,342,"989,600","874,400"
경기도,평택시,비전1동,342,"989,600","874,400"
경기도,평택시,세교동,344,"993,700","877,800"
경기도,동두천시,불현동,427,"1,142,200","995,000"
경기도,동두천시,소요동,430,"1,147,400","999,100"
경기도,동두천시,상패동,430,"1,147,400","999,100"
경기도,안산시 상록구,본오1동,392,"1,080,900","947,000"
경기도,안산시 단원구,초지동,397,"1,089,700","953,900"
경기도,안산시 단원구,신길동,397,"1,089,700","953,900"
경기도,고양시 덕양구,화정1동,425,"1,138,700","992,400"
경기도,고양시 일산동구,장항1동,425,"1,138,700","992,400"
경기도,남양주시,와부읍,381,"1,061,400","931,700"
경기도,남양주시,진접읍,402,"1,098,400","960,800"
경기도,남양주시,화도읍,399,"1,093,200","956,700"
경기도,남양주시,진건읍,394,"1,084,400","949,700"
경기도,남양주시,오남읍,403,"1,100,100","962,200"
경기도,남양주시,별내면,397,"1,089,700","953,900"
경기도,남양주시,수동면,395,"1,086,100","951,200"
경기도,남양주시,금곡동,387,"1,072,100","940,000"
경기도,남양주시,양정동,385,"1,068,500","937,200"
경기도,남양주시,다산1동,387,"1,072,100","940,000"
경기도,오산시,중앙동,356,"1,017,000","896,300"
경기도,오산시,남촌동,357,"1,018,700","897,700"
경기도,오산시,세마동,364,"1,031,300","907,600"
경기도,오산시,초평동,360,"1,024,100","901,800"
경기도,시흥시,대야동,406,"1,105,400","966,300"
경기도,시흥시,신천동,407,"1,107,100","967,800"
경기도,시흥시,신현동,403,"1,100,100","962,200"
경기도,시흥시,매화동,403,"1,100,100","962,200"
경기도,시흥시,목감동,397,"1,089,700","953,900"
경기도,시흥시,과림동,403,"1,100,100","962,200"
경기도,시흥시,정왕본동,402,"1,098,400","960,800"
경기도,시흥시,군자동,397,"1,089,700","953,900"
경기도,시흥시,연성동,400,"1,094,800","958,100"
경기도,군포시,군포1동,383,"1,065,000","934,500"
경기도,군포시,군포2동,384,"1,066,800","935,800"
경기도,군포시,금정동,385,"1,068,500","937,200"
경기도,의왕시,부곡동,381,"1,061,400","931,700"
경기도,의왕시,오전동,380,"1,059,600","930,300"
경기도,의왕시,청계동,386,"1,070,400","938,700"
경기도,하남시,천현동,375,"1,050,800","923,300"
경기도,하남시,덕풍1동,380,"1,059,600","930,300"
경기도,하남시,춘궁동,377,"1,054,300","926,100"
경기도,하남시,초이동,380,"1,059,600","930,300"
경기도,하남시,풍산동,377,"1,054,300","926,100"
경기도,하남시,감북동,381,"1,061,400","931,700"
경기도,용인시 처인구,모현읍,364,"1,031,300","907,600"
경기도,용인시 처인구,이동읍,360,"1,024,100","901,800"
경기도,용인시 처인구,남사면,356,"1,017,000","896,300"
경기도,용인시 처인구,원삼면,358,"1,020,500","899,200"
경기도,용인시 처인구,백암면,350,"1,006,200","887,700"
경기도,용인시 처인구,양지면,349,"1,004,200","886,000"
경기도,용인시 처인구,중앙동,358,"1,020,500","899,200"
경기도,용인시 처인구,유림동,356,"1,017,000","896,300"
경기도,용인시 기흥구,기흥동,368,"1,038,300","913,400"
경기도,용인시 기흥구,서농동,367,"1,036,600","911,800"
경기도,용인시 기흥구,상하동,367,"1,036,600","911,800"
경기도,용인시 수지구,동천동,377,"1,054,300","926,100"
경기도,파주시,문산읍,444,"1,171,700","1,018,200"
경기도,파주시,파주읍,444,"1,171,700","1,018,200"
경기도,파주시,법원읍,430,"1,147,400","999,100"
경기도,파주시,조리읍,428,"1,144,000","996,600"
경기도,파주시,월롱면,439,"1,163,100","1,011,600"
경기도,파주시,탄현면,448,"1,178,600","1,023,900"
경기도,파주시,광탄면,424,"1,137,000","991,100"
경기도,파주시,파평면,455,"1,190,700","1,034,500"
경기도,파주시,적성면,444,"1,171,700","1,018,200"
경기도,파주시,금촌1동,433,"1,152,500","1,003,300"
경기도,파주시,금촌3동,434,"1,154,400","1,004,600"
경기도,파주시,교하동,438,"1,161,400","1,010,100"
경기도,파주시,운정1동,434,"1,154,400","1,004,600"
경기도,이천시,장호원읍,311,"924,900","822,100"
경기도,이천시,부발읍,335,"975,100","862,700"
경기도,이천시,신둔면,344,"993,700","877,800"
경기도,이천시,백사면,342,"989,600","874,400"
경기도,이천시,호법면,338,"981,300","867,800"
경기도,이천시,마장면,342,"989,600","874,400"
경기도,이천시,대월면,333,"970,900","859,400"
경기도,이천시,모가면,341,"987,600","872,700"
경기도,이천시,설성면,322,"947,900","840,700"
경기도,이천시,율면,318,"939,500","834,000"
경기도,이천시,중리동,334,"972,900","861,000"
경기도,이천시,관고동,335,"975,100","862,700"
경기도,이천시,증포동,335,"975,100","862,700"
경기도,안성시,공도읍,339,"983,400","869,400"
경기도,안성시,보개면,348,"1,002,100","884,400"
경기도,안성시,서운면,336,"977,300","864,400"
경기도,안성시,미양면,345,"995,800","879,300"
경기도,안성시,대덕면,345,"995,800","879,300"
경기도,안성시,양성면,352,"1,009,800","890,600"
경기도,안성시,원곡면,347,"1,000,000","882,700"
경기도,안성시,일죽면,324,"952,000","844,100"
경기도,안성시,죽산면,340,"985,500","871,100"
경기도,안성시,삼죽면,346,"998,000","881,100"
경기도,안성시,안성1동,345,"995,800","879,300"
경기도,안성시,안성2동,344,"993,700","877,800"
경기도,안성시,안성3동,345,"995,800","879,300"
경기도,김포시,통진읍,438,"1,161,400","1,010,100"
경기도,김포시,고촌읍,420,"1,129,900","985,600"
경기도,김포시,양촌읍,436,"1,157,800","1,007,200"
경기도,김포시,대곶면,440,"1,164,800","1,012,800"
경기도,김포시,월곶면,443,"1,170,000","1,017,000"
경기도,김포시,하성면,440,"1,164,800","1,012,800"
경기도,김포시,사우동,427,"1,142,200","995,000"
경기도,김포시,풍무동,426,"1,140,400","993,800"
경기도,김포시,운양동,430,"1,147,400","999,100"
경기도,김포시,김포본동,429,"1,145,700","997,800"
경기도,화성시,봉담읍,377,"1,054,300","926,100"
경기도,화성시,우정읍,381,"1,061,400","931,700"
경기도,화성시,향남읍,375,"1,050,800","923,300"
경기도,화성시,남양읍,393,"1,082,700","948,300"
경기도,화성시,비봉면,388,"1,073,800","941,300"
경기도,화성시,마도면,390,"1,077,400","944,100"
경기도,화성시,송산면,390,"1,077,400","944,100"
경기도,화성시,서신면,395,"1,086,100","951,200"
경기도,화성시,팔탄면,378,"1,056,200","927,500"
경기도,화성시,장안면,383,"1,065,000","934,500"
경기도,화성시,양감면,367,"1,036,600","911,800"
경기도,화성시,정남면,374,"1,049,000","921,800"
경기도,화성시,진안동,367,"1,036,600","911,800"
경기도,화성시,병점1동,366,"1,034,800","910,400"
경기도,화성시,반월동,368,"1,038,300","913,400"
경기도,화성시,화산동,368,"1,038,300","913,400"
경기도,화성시,동탄1동,366,"1,034,800","910,400"
경기도,화성시,동탄5동,367,"1,036,600","911,800"
경기도,화성시,동탄7동,360,"1,024,100","901,800"
경기도,화성시,동탄6동,359,"1,022,200","900,500"
경기도,화성시,동탄8동,359,"1,022,200","900,500"
경기도,광주시,오포읍,364,"1,031,300","907,600"
경기도,광주시,초월읍,356,"1,017,000","896,300"
경기도,광주시,곤지암읍,353,"1,011,500","891,900"
경기도,광주시,도척면,350,"1,006,200","887,700"
경기도,광주시,퇴촌면,369,"1,040,100","914,600"
경기도,광주시,남종면,373,"1,047,300","920,400"
경기도,광주시,송정동,367,"1,036,600","911,800"
경기도,광주시,광남동,362,"1,027,600","904,800"
경기도,양주시,백석읍,415,"1,121,300","978,800"
경기도,양주시,은현면,428,"1,144,000","996,600"
경기도,양주시,남면,434,"1,154,400","1,004,600"
경기도,양주시,광적면,418,"1,126,500","982,900"
경기도,양주시,양주1동,408,"1,108,900","969,100"
경기도,양주시,양주2동,415,"1,121,300","978,800"
경기도,양주시,회천1동,421,"1,131,700","986,900"
경기도,양주시,회천2동,419,"1,128,200","984,300"
경기도,양주시,회천4동,420,"1,129,900","985,600"
경기도,포천시,소흘읍,417,"1,124,700","981,600"
경기도,포천시,군내면,427,"1,142,200","995,000"
경기도,포천시,내촌면,410,"1,112,500","971,900"
경기도,포천시,가산면,424,"1,137,000","991,100"
경기도,포천시,신북면,431,"1,149,100","1,000,600"
경기도,포천시,영중면,440,"1,164,800","1,012,800"
경기도,포천시,일동면,433,"1,152,500","1,003,300"
경기도,포천시,이동면,442,"1,168,400","1,015,600"
경기도,포천시,영북면,450,"1,182,100","1,026,900"
경기도,포천시,관인면,460,"1,199,200","1,041,900"
경기도,포천시,화현면,427,"1,142,200","995,000"
경기도,포천시,포천동,427,"1,142,200","995,000"
경기도,포천시,선단동,420,"1,129,900","985,600"
경기도,여주시,가남읍,322,"947,900","840,700"
경기도,여주시,점동면,331,"966,700","855,900"
경기도,여주시,능서면,329,"962,400","852,500"
경기도,여주시,흥천면,335,"975,100","862,700"
경기도,여주시,대신면,342,"989,600","874,400"
경기도,여주시,강천면,335,"975,100","862,700"
경기도,여주시,여흥동,333,"970,900","859,400"
경기도,여주시,중앙동,332,"968,700","857,700"
경기도,연천군,전곡읍,444,"1,171,700","1,018,200"
경기도,연천군,청산면,438,"1,161,400","1,010,100"
경기도,연천군,백학면,452,"1,185,500","1,029,900"
경기도,연천군,장남면,449,"1,180,500","1,025,400"
강원도,춘천시,동면,422,"1,133,400","988,400"
강원도,춘천시,동산면,402,"1,098,400","960,800"
강원도,춘천시,남면,418,"1,126,500","982,900"
강원도,춘천시,남산면,422,"1,133,400","988,400"
강원도,춘천시,후평1동,418,"1,126,500","982,900"
강원도,원주시,문막읍,341,"987,600","872,700"
강원도,원주시,소초면,348,"1,002,100","884,400"
강원도,원주시,지정면,342,"989,600","874,400"
강원도,원주시,부론면,312,"926,800","823,800"
강원도,원주시,우산동,338,"981,300","867,800"
강원도,원주시,태장1동,337,"979,200","866,100"
강원도,강릉시,옥계면,484,"1,240,300","1,077,700"
강원도,강릉시,성덕동,466,"1,209,600","1,050,900"
강원도,강릉시,경포동,466,"1,209,600","1,050,900"
강원도,동해시,송정동,339,"983,400","869,400"
강원도,동해시,북삼동,338,"981,300","867,800"
강원도,동해시,북평동,336,"977,300","864,400"
강원도,고성군,간성읍,538,"1,331,700","1,157,200"
충청북도,충주시,주덕읍,284,"865,400","773,400"
충청북도,충주시,앙성면,300,"901,700","803,200"
충청북도,충주시,산척면,303,"908,000","808,400"
충청북도,충주시,대소원면,282,"861,300","769,800"
충청북도,충주시,중앙탑면,288,"873,800","780,300"
충청북도,충주시,달천동,279,"855,500","764,700"
충청북도,충주시,칠금금릉동,289,"875,900","782,200"
충청북도,충주시,목행용탄동,292,"882,400","787,300"
충청북도,청주시 상당구,가덕면,269,"833,200","726,700"
충청북도,청주시 흥덕구,오송읍,287,"871,800","778,600"
충청북도,청주시 흥덕구,강내면,284,"865,400","773,400"
충청북도,청주시 흥덕구,옥산면,286,"869,500","776,700"
충청북도,청주시 흥덕구,복대1동,286,"869,500","776,700"
충청북도,청주시 흥덕구,봉명1동,288,"873,800","780,300"
충청북도,청주시 흥덕구,봉명2송정동,287,"871,800","778,600"
충청북도,청주시 흥덕구,강서1동,287,"871,800","778,600"
충청북도,청주시 흥덕구,강서2동,288,"873,800","780,300"
충청북도,청주시 청원구,내수읍,303,"908,000","808,400"
충청북도,청주시 청원구,오창읍,299,"897,300","799,500"
충청북도,청주시 청원구,북이면,304,"910,100","810,200"
충청북도,보은군,보은읍,250,"791,800","692,900"
충청북도,보은군,장안면,239,"767,500","666,700"
충청북도,보은군,마로면,242,"774,100","672,400"
충청북도,보은군,삼승면,241,"771,900","670,400"
충청북도,보은군,내북면,259,"811,400","708,800"
충청북도,옥천군,옥천읍,247,"785,200","682,000"
충청북도,옥천군,청산면,228,"743,200","645,600"
충청북도,영동군,영동읍,218,"720,900","626,100"
충청북도,영동군,용산면,220,"725,300","630,000"
충청북도,진천군,진천읍,315,"933,200","828,800"
충청북도,진천군,덕산읍,318,"939,500","834,000"
충청북도,진천군,초평면,312,"926,800","823,800"
충청북도,진천군,문백면,304,"910,100","810,200"
충청북도,진천군,이월면,325,"954,200","845,800"
충청북도,진천군,광혜원면,327,"958,400","849,200"
충청북도,괴산군,괴산읍,269,"833,200","726,700"
충청북도,괴산군,칠성면,262,"817,800","714,200"
충청북도,괴산군,청안면,289,"875,900","782,200"
충청북도,괴산군,사리면,285,"867,400","775,000"
충청북도,음성군,음성읍,297,"893,000","795,800"
충청북도,음성군,금왕읍,310,"922,800","820,400"
충청북도,음성군,소이면,292,"882,400","787,300"
충청북도,음성군,원남면,289,"875,900","782,200"
충청북도,음성군,맹동면,316,"935,200","830,600"
충청북도,음성군,대소면,326,"956,200","847,400"
충청북도,음성군,삼성면,329,"962,400","852,500"
충청북도,음성군,생극면,303,"908,000","808,400"
충청북도,음성군,감곡면,308,"918,500","817,000"
충청남도,천안시 동남구,풍세면,320,"943,600","837,500"
충청남도,천안시 동남구,광덕면,319,"941,600","835,700"
충청남도,천안시 동남구,성남면,312,"926,800","823,800"
충청남도,천안시 동남구,병천면,308,"918,500","817,000"
충청남도,천안시 동남구,동면,310,"922,800","820,400"
충청남도,천안시 동남구,봉명동,321,"945,800","839,000"
충청남도,천안시 동남구,청룡동,315,"933,200","828,800"
충청남도,천안시 서북구,성거읍,324,"952,000","844,100"
충청남도,천안시 서북구,직산읍,324,"952,000","844,100"
충청남도,천안시 서북구,입장면,331,"966,700","855,900"
충청남도,천안시 서북구,백석동,322,"947,900","840,700"
충청남도,천안시 서북구,부성1동,320,"943,600","837,500"
충청남도,천안시 서북구,부성2동,321,"945,800","839,000"
충청남도,공주시,유구읍,318,"939,500","834,000"
충청남도,공주시,탄천면,300,"901,700","803,200"
충청남도,공주시,계룡면,306,"914,400","813,500"
충청남도,공주시,의당면,296,"890,800","794,200"
충청남도,공주시,정안면,312,"926,800","823,800"
충청남도,공주시,금학동,300,"901,700","803,200"
충청남도,보령시,웅천읍,329,"962,400","852,500"
충청남도,보령시,주교면,348,"1,002,100","884,400"
충청남도,보령시,오천면,360,"1,024,100","901,800"
충청남도,아산시,염치읍,338,"981,300","867,800"
충청남도,아산시,송악면,331,"966,700","855,900"
충청남도,아산시,탕정면,331,"966,700","855,900"
충청남도,아산시,음봉면,334,"972,900","861,000"
충청남도,아산시,둔포면,342,"989,600","874,400"
충청남도,아산시,영인면,342,"989,600","874,400"
충청남도,아산시,인주면,358,"1,020,500","899,200"
충청남도,아산시,선장면,348,"1,002,100","884,400"
충청남도,아산시,도고면,346,"998,000","881,100"
충청남도,아산시,신창면,340,"985,500","871,100"
충청남도,아산시,온양3동,329,"962,400","852,500"
충청남도,아산시,온양4동,333,"970,900","859,400"
충청남도,서산시,대산읍,394,"1,084,400","949,700"
충청남도,서산시,지곡면,387,"1,072,100","940,000"
충청남도,서산시,성연면,383,"1,065,000","934,500"
충청남도,서산시,석남동,384,"1,066,800","935,800"
충청남도,논산시,연무읍,277,"851,500","761,100"
충청남도,논산시,성동면,290,"878,200","784,000"
충청남도,논산시,광석면,290,"878,200","784,000"
충청남도,논산시,부적면,288,"873,800","780,300"
충청남도,논산시,가야곡면,277,"851,500","761,100"
충청남도,논산시,취암동,285,"867,400","775,000"
충청남도,당진시,합덕읍,360,"1,024,100","901,800"
충청남도,당진시,송악읍,375,"1,050,800","923,300"
충청남도,당진시,고대면,386,"1,070,400","938,700"
충청남도,당진시,석문면,392,"1,080,900","947,000"
충청남도,당진시,순성면,367,"1,036,600","911,800"
충청남도,당진시,신평면,368,"1,038,300","913,400"
충청남도,당진시,송산면,378,"1,056,200","927,500"
충청남도,금산군,제원면,243,"776,300","674,300"
충청남도,금산군,추부면,253,"798,400","698,100"
충청남도,부여군,규암면,306,"914,400","813,500"
충청남도,부여군,남면,317,"937,500","832,300"
충청남도,부여군,초촌면,295,"888,800","792,500"
충청남도,서천군,장항읍,300,"901,700","803,200"
충청남도,서천군,마서면,302,"905,900","806,800"
충청남도,청양군,정산면,323,"949,900","842,400"
충청남도,홍성군,홍성읍,354,"1,013,400","893,400"
충청남도,홍성군,금마면,347,"1,000,000","882,700"
충청남도,홍성군,갈산면,366,"1,034,800","910,400"
충청남도,홍성군,구항면,361,"1,025,800","903,500"
충청남도,예산군,예산읍,345,"995,800","879,300"
충청남도,예산군,삽교읍,345,"995,800","879,300"
충청남도,예산군,광시면,341,"987,600","872,700"
충청남도,예산군,고덕면,352,"1,009,800","890,600"
충청남도,예산군,신암면,349,"1,004,200","886,000"
충청남도,예산군,오가면,342,"989,600","874,400"
충청남도,태안군,원북면,412,"1,116,000","974,600"
전라북도,전주시 덕진구,팔복동,251,"793,900","694,700"
전라북도,전주시 덕진구,여의동,258,"809,200","707,100"
전라북도,군산시,임피면,288,"873,800","780,300"
전라북도,군산시,서수면,285,"867,400","775,000"
전라북도,군산시,성산면,292,"882,400","787,300"
전라북도,군산시,월명동,296,"890,800","794,200"
전라북도,군산시,조촌동,292,"882,400","787,300"
전라북도,군산시,소룡동,296,"890,800","794,200"
전라북도,군산시,미성동,298,"895,100","797,700"
전라북도,익산시,함열읍,278,"853,500","762,900"
전라북도,익산시,왕궁면,262,"817,800","714,200"
전라북도,익산시,춘포면,264,"822,300","717,700"
전라북도,익산시,삼기면,272,"841,700","752,400"
전라북도,익산시,영등1동,273,"843,700","754,200"
전라북도,익산시,팔봉동,269,"833,200","726,700"
전라북도,정읍시,신태인읍,293,"884,500","789,000"
전라북도,정읍시,북면,295,"888,800","792,500"
전라북도,정읍시,입암면,282,"861,300","769,800"
전라북도,정읍시,감곡면,286,"869,500","776,700"
전라북도,정읍시,수성동,290,"878,200","784,000"
전라북도,정읍시,농소동,291,"880,200","785,700"
전라북도,정읍시,상교동,286,"869,500","776,700"
전라북도,남원시,사매면,213,"709,600","616,400"
전라북도,남원시,인월면,183,"641,300","557,400"
전라북도,남원시,산내면,191,"659,600","573,000"
전라북도,김제시,백산면,280,"857,400","766,500"
전라북도,김제시,백구면,266,"826,600","721,300"
전라북도,김제시,검산동,280,"857,400","766,500"
전라북도,완주군,봉동읍,253,"798,400","698,100"
전라북도,완주군,경천면,264,"822,300","717,700"
전라북도,부안군,백산면,306,"914,400","813,500"
전라북도,부안군,하서면,318,"939,500","834,000"
전라남도,여수시,소라면,179,"631,800","549,700"
전라남도,여수시,율촌면,174,"620,100","540,100"
전라남도,여수시,월호동,185,"645,800","561,200"
전라남도,여수시,만덕동,183,"641,300","557,400"
전라남도,여수시,삼일동,171,"613,100","534,200"
전라남도,여수시,묘도동,162,"591,900","516,500"
전라남도,순천시,해룡면,170,"610,700","532,200"
전라남도,순천시,서면,173,"617,700","538,100"
전라남도,순천시,삼산동,177,"627,100","545,800"
전라남도,광양시,광양읍,162,"591,900","516,500"
전라남도,광양시,옥곡면,151,"565,700","494,500"
전라남도,광양시,골약동,159,"584,800","510,500"
전라남도,광양시,태인동,143,"546,200","478,100"
전라남도,광양시,금호동,150,"563,200","492,500"
전라남도,담양군,담양읍,247,"785,200","682,000"
전라남도,보성군,겸백면,225,"736,500","639,700"
전라남도,영암군,삼호읍,282,"861,300","769,800"
전라남도,영암군,신북면,284,"865,400","773,400"
전라남도,함평군,대동면,291,"880,200","785,700"
전라남도,함평군,월야면,279,"855,500","764,700"
전라남도,장성군,남면,256,"804,900","703,400"
전라남도,장성군,삼계면,279,"855,500","764,700"
전라남도,장성군,황룡면,264,"822,300","717,700"
전라남도,신안군,압해읍,305,"912,200","811,800"
경상북도,포항시 남구,구룡포읍,156,"577,600","504,500"
경상북도,포항시 남구,연일읍,145,"551,200","482,200"
경상북도,포항시 남구,오천읍,141,"541,400","474,100"
경상북도,포항시 남구,대송면,142,"543,700","476,100"
경상북도,포항시 남구,동해면,151,"565,700","494,500"
경상북도,포항시 남구,장기면,153,"570,500","498,500"
경상북도,포항시 남구,제철동,144,"548,700","480,200"
경상북도,포항시 북구,흥해읍,161,"589,500","514,700"
경상북도,포항시 북구,청하면,172,"615,500","536,200"
경상북도,포항시 북구,송라면,175,"622,400","542,000"
경상북도,경주시,감포읍,131,"516,800","453,200"
경상북도,경주시,안강읍,125,"501,900","440,600"
경상북도,경주시,건천읍,110,"464,100","408,100"
경상북도,경주시,외동읍,109,"461,500","406,000"
경상북도,경주시,양남면,113,"471,800","414,700"
경상북도,경주시,내남면,94,"422,600","372,500"
경상북도,경주시,강동면,125,"501,900","440,600"
경상북도,경주시,천북면,115,"476,900","419,100"
경상북도,김천시,아포읍,178,"629,500","547,900"
경상북도,김천시,감문면,188,"652,600","567,000"
경상북도,김천시,어모면,188,"652,600","567,000"
경상북도,김천시,대신동,173,"617,700","538,100"
경상북도,안동시,풍산읍,226,"738,900","641,500"
경상북도,안동시,남후면,215,"714,100","620,300"
경상북도,안동시,남선면,227,"740,900","643,500"
경상북도,안동시,녹전면,254,"800,600","700,100"
경상북도,안동시,서구동,222,"729,800","633,900"
경상북도,구미시,선산읍,180,"634,100","551,700"
경상북도,구미시,고아읍,180,"634,100","551,700"
경상북도,구미시,해평면,175,"622,400","542,000"
경상북도,구미시,산동면,169,"608,400","530,300"
경상북도,구미시,신평2동,169,"608,400","530,300"
경상북도,구미시,진미동,168,"606,100","528,400"
경상북도,구미시,양포동,168,"606,100","528,400"
경상북도,영주시,장수면,246,"782,900","680,000"
경상북도,영주시,안정면,258,"809,200","707,100"
경상북도,영주시,봉현면,259,"811,400","708,800"
경상북도,영주시,휴천3동,253,"798,400","698,100"
경상북도,영주시,가흥1동,252,"796,000","696,400"
경상북도,영주시,가흥2동,253,"798,400","698,100"
경상북도,영천시,금호읍,132,"519,300","455,400"
경상북도,영천시,화남면,148,"558,500","488,400"
경상북도,영천시,고경면,144,"548,700","480,200"
경상북도,영천시,북안면,122,"494,500","434,200"
경상북도,영천시,대창면,129,"511,800","449,100"
경상북도,영천시,중앙동,134,"524,200","459,600"
경상북도,영천시,완산동,135,"526,700","461,600"
경상북도,영천시,남부동,130,"514,300","451,100"
경상북도,상주시,함창읍,219,"723,100","628,100"
경상북도,상주시,청리면,207,"696,200","604,700"
경상북도,상주시,은척면,230,"747,800","649,400"
경상북도,상주시,신흥동,207,"696,200","604,700"
경상북도,경산시,하양읍,125,"501,900","440,600"
경상북도,경산시,진량읍,121,"492,000","432,000"
경상북도,경산시,압량읍,111,"466,600","410,400"
경상북도,경산시,와촌면,132,"519,300","455,400"
경상북도,경산시,자인면,112,"469,200","412,600"
경상북도,경산시,남산면,112,"469,200","412,600"
경상북도,경산시,북부동,109,"461,500","406,000"
경상북도,군위군,군위읍,177,"627,100","545,800"
경상북도,의성군,단촌면,207,"696,200","604,700"
경상북도,의성군,가음면,179,"631,800","549,700"
경상북도,청도군,청도읍,84,"396,100","349,600"
경상북도,청도군,풍각면,95,"425,300","374,700"
경상북도,고령군,대가야읍,129,"511,800","449,100"
경상북도,고령군,성산면,120,"489,500","430,000"
경상북도,고령군,다산면,130,"514,300","451,100"
경상북도,고령군,개진면,119,"487,000","427,900"
경상북도,성주군,성주읍,144,"548,700","480,200"
경상북도,성주군,선남면,137,"531,700","465,800"
경상북도,성주군,대가면,142,"543,700","476,100"
경상북도,성주군,초전면,150,"563,200","492,500"
경상북도,성주군,월항면,149,"560,900","490,400"
경상북도,칠곡군,왜관읍,152,"568,100","496,500"
경상북도,칠곡군,북삼읍,163,"594,200","518,500"
경상북도,칠곡군,석적읍,159,"584,800","510,500"
경상북도,칠곡군,지천면,146,"553,400","484,400"
경상북도,칠곡군,가산면,155,"575,100","502,600"
경상북도,칠곡군,약목면,158,"582,300","508,600"
경상북도,봉화군,봉성면,278,"853,500","762,900"
경상북도,봉화군,석포면,320,"943,600","837,500"
경상남도,진주시,정촌면,101,"440,900","388,400"
경상남도,진주시,이반성면,72,"363,600","321,600"
경상남도,진주시,사봉면,79,"382,500","338,000"
경상남도,진주시,지수면,77,"377,300","333,400"
경상남도,진주시,상평동,96,"427,900","377,100"
경상남도,진주시,상대동,96,"427,900","377,100"
경상남도,통영시,도산면,73,"366,300","323,900"
경상남도,통영시,광도면,69,"355,300","314,400"
경상남도,사천시,사천읍,102,"443,500","390,500"
경상남도,사천시,사남면,107,"456,400","401,600"
경상남도,사천시,용현면,111,"466,600","410,400"
경상남도,사천시,축동면,100,"438,200","386,000"
경상남도,사천시,곤양면,118,"484,500","425,800"
경상남도,사천시,서포면,120,"489,500","430,000"
경상남도,김해시,진영읍,40,"265,700","230,900"
경상남도,김해시,주촌면,30,"229,600","204,300"
경상남도,김해시,진례면,30,"229,600","204,300"
경상남도,김해시,한림면,40,"265,700","230,900"
경상남도,김해시,생림면,38,"258,700","225,500"
경상남도,김해시,상동면,39,"262,200","228,300"
경상남도,김해시,대동면,30,"229,600","204,300"
경상남도,김해시,칠산서부동,25,"212,700","190,700"
경상남도,김해시,삼안동,28,"222,300","198,900"
경상남도,김해시,장유3동,21,"196,400","174,800"
경상남도,밀양시,삼랑진읍,47,"290,500","252,400"
경상남도,밀양시,하남읍,51,"304,500","270,000"
경상남도,밀양시,부북면,69,"355,300","314,400"
경상남도,밀양시,산내면,79,"382,500","338,000"
경상남도,밀양시,상남면,58,"324,500","287,400"
경상남도,밀양시,가곡동,62,"335,900","297,400"
경상남도,거제시,일운면,47,"290,500","252,400"
경상남도,거제시,거제면,51,"304,500","270,000"
경상남도,거제시,사등면,50,"301,100","261,500"
경상남도,거제시,연초면,35,"247,900","217,600"
경상남도,거제시,하청면,30,"229,600","204,300"
경상남도,거제시,아주동,41,"269,300","233,900"
경상남도,거제시,옥포1동,38,"258,700","225,500"
경상남도,거제시,고현동,41,"269,300","233,900"
경상남도,거제시,장승포동,45,"283,300","246,200"
경상남도,양산시,물금읍,44,"279,900","243,200"
경상남도,양산시,원동면,58,"324,500","287,400"
경상남도,양산시,상북면,54,"313,200","277,500"
경상남도,양산시,하북면,62,"335,900","297,400"
경상남도,양산시,삼성동,46,"287,100","249,200"
경상남도,양산시,강서동,45,"283,300","246,200"
경상남도,양산시,서창동,63,"338,700","299,700"
경상남도,양산시,소주동,63,"338,700","299,700"
경상남도,양산시,덕계동,58,"324,500","287,400"
경상남도,창원시 의창구,북면,53,"310,300","275,100"
경상남도,창원시 의창구,대산면,45,"283,300","246,200"
경상남도,창원시 의창구,팔룡동,41,"269,300","233,900"
경상남도,창원시 성산구,중앙동,33,"240,600","212,300"
경상남도,창원시 성산구,사파동,32,"236,900","209,600"
경상남도,창원시 성산구,가음정동,32,"236,900","209,600"
경상남도,창원시 성산구,성주동,29,"226,000","201,500"
경상남도,창원시 성산구,웅남동,35,"247,900","217,600"
경상남도,창원시 마산합포구,진북면,54,"313,200","277,500"
경상남도,창원시 마산합포구,진전면,59,"327,300","290,000"
경상남도,창원시 마산회원구,내서읍,48,"294,100","255,300"
경상남도,창원시 진해구,풍호동,23,"203,800","182,700"
경상남도,창원시 진해구,웅천동,17,"181,200","158,700"
경상남도,창원시 진해구,웅동2동,9,"150,500","130,400"
경상남도,의령군,의령읍,75,"371,800","328,700"
경상남도,의령군,가례면,78,"380,100","335,700"
경상남도,의령군,대의면,91,"414,700","365,800"
경상남도,의령군,정곡면,75,"371,800","328,700"
경상남도,함안군,가야읍,59,"327,300","290,000"
경상남도,함안군,칠원읍,53,"310,300","275,100"
경상남도,함안군,군북면,72,"363,600","321,600"
경상남도,함안군,법수면,69,"355,300","314,400"
경상남도,함안군,대산면,63,"338,700","299,700"
경상남도,함안군,칠서면,59,"327,300","290,000"
경상남도,함안군,칠북면,57,"321,700","285,100"
경상남도,창녕군,창녕읍,79,"382,500","338,000"
경상남도,창녕군,고암면,83,"393,400","347,400"
경상남도,창녕군,대합면,88,"406,700","358,900"
경상남도,창녕군,유어면,91,"414,700","365,800"
경상남도,창녕군,계성면,72,"363,600","321,600"
경상남도,창녕군,영산면,72,"363,600","321,600"
경상남도,고성군,고성읍,78,"380,100","335,700"
경상남도,고성군,개천면,82,"390,700","345,000"
경상남도,고성군,동해면,70,"358,100","316,700"
경상남도,산청군,금서면,133,"521,800","457,400"
경상남도,거창군,거창읍,165,"599,000","522,400"
경상남도,거창군,웅양면,181,"636,500","553,500"
경상남도,거창군,남상면,168,"606,100","528,400"
경상남도,합천군,가야면,145,"551,200","482,200"
경상남도,합천군,율곡면,116,"479,400","421,300"
세종특별자치시,세종시,조치원읍,290,"878,200","784,000"
세종특별자치시,세종시,연기면,293,"884,500","789,000"
세종특별자치시,세종시,연동면,288,"873,800","780,300"
세종특별자치시,세종시,부강면,283,"863,200","771,700"
세종특별자치시,세종시,장군면,293,"884,500","789,000"
세종특별자치시,세종시,전의면,304,"910,100","810,200"
세종특별자치시,세종시,소정면,316,"935,200","830,600"
